{
  "decay_half_life_years": 2.0,
  "nll": 3227.2566700563325,
  "baseline_nll": 3272.2256983360103,
  "improvement_pct": 1.3742642600278276,
  "all_results": [
    {
      "decay_half_life_years": 1.6,
      "nll": 3304.855955438614,
      "per_stat_nll": {
        "age": 4.236137902469293,
        "body_acc": 0.006775836741914468,
        "body_def": 0.007422103486596541,
        "clinch_acc": 0.003788986148057431,
        "clinch_land": 27.52619796879918,
        "ctrl": 23480.462239246033,
        "days_since_last_fight": 56590.27489085523,
        "distance_acc": 0.0059398955998939944,
        "distance_land": 802.1208486349004,
        "ground_land": 26.3822089595696,
        "head_def": 0.01218389280823851,
        "head_land": 507.07661631236584,
        "ko": 8.552632419830269e-05,
        "leg_def": 0.0034308181682619347,
        "leg_land": 50.159916443347754,
        "reach": 7.631561327656818e-29,
        "rev": 0.01734357693910684,
        "sig_str_acc": 0.008592275310451302,
        "sig_str_def": 0.010197128218333965,
        "sig_str_land": 1123.7474412585193,
        "sub_att": 0.17263406813716262,
        "sub_def": 0.000716996489214435,
        "td_att": 7.763629788272241,
        "td_land": 1.399591112867596,
        "win": 5.6378585637245446e-05
      }
    },
    {
      "decay_half_life_years": 1.8,
      "nll": 3286.616249623597,
      "per_stat_nll": {
        "age": 4.649229406768457,
        "body_acc": 0.006752246110882717,
        "body_def": 0.007381563866137869,
        "clinch_acc": 0.003777684606528286,
        "clinch_land": 27.36759523557762,
        "ctrl": 23377.10424912344,
        "days_since_last_fight": 56259.262580112954,
        "distance_acc": 0.005915716326123362,
        "distance_land": 794.7518519662735,
        "ground_land": 26.274767280229955,
        "head_def": 0.012145403703641179,
        "head_land": 502.2325347590991,
        "ko": 8.61265447378739e-05,
        "leg_def": 0.0034199850641008956,
        "leg_land": 50.06758985381487,
        "reach": 7.523567535284317e-29,
        "rev": 0.017182454677988138,
        "sig_str_acc": 0.008559850397730518,
        "sig_str_def": 0.010182079523445957,
        "sig_str_land": 1114.3180571891764,
        "sub_att": 0.17200845959578265,
        "sub_def": 0.0007218025503794717,
        "td_att": 7.735255032587745,
        "td_land": 1.394341116457292,
        "win": 5.614057990046172e-05
      }
    },
    {
      "decay_half_life_years": 2.0,
      "nll": 3272.2256983360103,
      "per_stat_nll": {
        "age": 5.025492618904904,
        "body_acc": 0.006736701447140327,
        "body_def": 0.007353661421206661,
        "clinch_acc": 0.003771126545526822,
        "clinch_land": 27.25513286127343,
        "ctrl": 23299.525359649946,
        "days_since_last_fight": 55993.77726965441,
        "distance_acc": 0.005900924337980726,
        "distance_land": 789.0344115953426,
        "ground_land": 26.20872695255543,
        "head_def": 0.01212251615864091,
        "head_land": 498.4167383404013,
        "ko": 8.67063938342753e-05,
        "leg_def": 0.00341345298305686,
        "leg_land": 50.016139627934294,
        "reach": 7.775553050820155e-29,
        "rev": 0.017059115687997107,
        "sig_str_acc": 0.008539015889294232,
        "sig_str_def": 0.010177617052420108,
        "sig_str_land": 1107.031385427141,
        "sub_att": 0.171557809070172,
        "sub_def": 0.000726682308259971,
        "td_att": 7.713837119270185,
        "td_land": 1.3904632440250064,
        "win": 5.59797600819386e-05
      }
    },
    {
      "decay_half_life_years": 2.2,
      "nll": 3260.8371724948292,
      "per_stat_nll": {
        "age": 5.36673581326621,
        "body_acc": 0.006726392886576196,
        "body_def": 0.007334194089841634,
        "clinch_acc": 0.003767563724126191,
        "clinch_land": 27.173707850320838,
        "ctrl": 23239.864529529932,
        "days_since_last_fight": 55781.81582576811,
        "distance_acc": 0.005892156705797691,
        "distance_land": 784.5393376859533,
        "ground_land": 26.169043646822338,
        "head_def": 0.012109389480156283,
        "head_land": 495.36457449011516,
        "ko": 8.725518912816764e-05,
        "leg_def": 0.0034096231272931097,
        "leg_land": 49.990577055573844,
        "reach": 7.37957581212098e-29,
        "rev": 0.016962490270675045,
        "sig_str_acc": 0.008525607321001947,
        "sig_str_def": 0.010179337420513593,
        "sig_str_land": 1101.3131065881116,
        "sub_att": 0.17122453170291543,
        "sub_def": 0.000731459439777116,
        "td_att": 7.69735072035374,
        "td_land": 1.3875173510628716,
        "win": 5.58697363069073e-05
      }
    },
    {
      "decay_half_life_years": 2.4,
      "nll": 3251.7916270687656,
      "per_stat_nll": {
        "age": 5.675716214127969,
        "body_acc": 0.006719580682555663,
        "body_def": 0.007320482744923127,
        "clinch_acc": 0.0037659208998911623,
        "clinch_land": 27.113671847640912,
        "ctrl": 23193.021292157733,
        "days_since_last_fight": 55612.92072204857,
        "distance_acc": 0.005887316390976992,
        "distance_land": 780.9622599412717,
        "ground_land": 26.146412781004,
        "head_def": 0.012102478430369663,
        "head_land": 492.88975285238445,
        "ko": 8.776876534718915e-05,
        "leg_def": 0.0034075256252848697,
        "leg_land": 49.98157743804957,
        "reach": 7.631561327656818e-29,
        "rev": 0.016885276435930515,
        "sig_str_acc": 0.008517062935486834,
        "sig_str_def": 0.010184638902822608,
        "sig_str_land": 1096.762968269637,
        "sub_att": 0.17097273026550402,
        "sub_def": 0.0007360408833323204,
        "td_att": 7.6844351078831785,
        "td_land": 1.3852254438634664,
        "win": 5.579399572344794e-05
      }
    },
    {
      "decay_half_life_years": 2.6,
      "nll": 3244.574996714237,
      "per_stat_nll": {
        "age": 5.955520895318238,
        "body_acc": 0.006715151447726569,
        "body_def": 0.007310774388683046,
        "clinch_acc": 0.0037655202703631074,
        "clinch_land": 27.068702168690503,
        "ctrl": 23155.575998647506,
        "days_since_last_fight": 55478.31441708,
        "distance_acc": 0.005885065861035105,
        "distance_land": 778.0836294164593,
        "ground_land": 26.134956056231722,
        "head_def": 0.012099575024249149,
        "head_land": 490.8582271251901,
        "ko": 8.824640639178011e-05,
        "leg_def": 0.003406555376274169,
        "leg_land": 49.98321493045349,
        "reach": 7.451571673702648e-29,
        "rev": 0.01682250558902426,
        "sig_str_acc": 0.008511763723850468,
        "sig_str_def": 0.010191955365300768,
        "sig_str_land": 1093.096319383292,
        "sub_att": 0.17077912661201122,
        "sub_def": 0.0007403816866717428,
        "td_att": 7.674154308062529,
        "td_land": 1.383405481092612,
        "win": 5.574188183226647e-05
      }
    },
    {
      "decay_half_life_years": 2.8,
      "nll": 3238.7881575868596,
      "per_stat_nll": {
        "age": 6.209222839805098,
        "body_acc": 0.0067123728662012855,
        "body_def": 0.007303895970210557,
        "clinch_acc": 0.0037659256318112733,
        "clinch_land": 27.034556748202583,
        "ctrl": 23125.171015985743,
        "days_since_last_fight": 55370.85067893462,
        "distance_acc": 0.005884535028173161,
        "distance_land": 775.7428694520376,
        "ground_land": 26.13088579825298,
        "head_def": 0.012099273482163156,
        "head_land": 489.1718177882645,
        "ko": 8.86891973963066e-05,
        "leg_def": 0.0034063256123461902,
        "leg_land": 49.991658200354244,
        "reach": 7.919544773983491e-29,
        "rev": 0.016770705122241318,
        "sig_str_acc": 0.00850866167625555,
        "sig_str_def": 0.010200331423535014,
        "sig_str_land": 1090.1072788698077,
        "sub_att": 0.1706281097281538,